{
  "check user status" : {
    "transaction" : "check user status",
    "sampleCount" : 198,
    "errorCount" : 159,
    "errorPct" : 80.30303,
    "meanResTime" : 264.4747474747475,
    "medianResTime" : 218.0,
    "minResTime" : 180.0,
    "maxResTime" : 1211.0,
    "pct1ResTime" : 349.0,
    "pct2ResTime" : 435.69999999999976,
    "pct3ResTime" : 1171.3999999999996,
    "throughput" : 1.1944188066670285,
    "receivedKBytesPerSec" : 0.40461973897726383,
    "sentKBytesPerSec" : 0.4332619434340144
  },
  "get group " : {
    "transaction" : "get group ",
    "sampleCount" : 198,
    "errorCount" : 0,
    "errorPct" : 0.0,
    "meanResTime" : 340.580808080808,
    "medianResTime" : 336.0,
    "minResTime" : 260.0,
    "maxResTime" : 551.0,
    "pct1ResTime" : 381.1,
    "pct2ResTime" : 416.2499999999999,
    "pct3ResTime" : 547.04,
    "throughput" : 1.1946854598332266,
    "receivedKBytesPerSec" : 0.6813440513111371,
    "sentKBytesPerSec" : 0.4643406377086174
  },
  "get user availabilty" : {
    "transaction" : "get user availabilty",
    "sampleCount" : 198,
    "errorCount" : 159,
    "errorPct" : 80.30303,
    "meanResTime" : 276.8787878787879,
    "medianResTime" : 221.0,
    "minResTime" : 180.0,
    "maxResTime" : 1184.0,
    "pct1ResTime" : 377.7999999999999,
    "pct2ResTime" : 519.0999999999999,
    "pct3ResTime" : 1171.1299999999999,
    "throughput" : 1.194735921123293,
    "receivedKBytesPerSec" : 0.409476597808444,
    "sentKBytesPerSec" : 0.4176908786739638
  },
  "openID configuration" : {
    "transaction" : "openID configuration",
    "sampleCount" : 198,
    "errorCount" : 0,
    "errorPct" : 0.0,
    "meanResTime" : 148.31818181818184,
    "medianResTime" : 143.5,
    "minResTime" : 123.0,
    "maxResTime" : 266.0,
    "pct1ResTime" : 167.0,
    "pct2ResTime" : 181.14999999999995,
    "pct3ResTime" : 253.12999999999988,
    "throughput" : 1.1954644802144592,
    "receivedKBytesPerSec" : 3.959981986901211,
    "sentKBytesPerSec" : 0.47048064992815136
  },
  "enable user" : {
    "transaction" : "enable user",
    "sampleCount" : 199,
    "errorCount" : 160,
    "errorPct" : 80.40201,
    "meanResTime" : 371.71356783919595,
    "medianResTime" : 223.0,
    "minResTime" : 182.0,
    "maxResTime" : 3551.0,
    "pct1ResTime" : 786.0,
    "pct2ResTime" : 933.0,
    "pct3ResTime" : 1218.0,
    "throughput" : 1.1698725485585288,
    "receivedKBytesPerSec" : 0.49143304426997597,
    "sentKBytesPerSec" : 0.44382315377651316
  },
  "Total" : {
    "transaction" : "Total",
    "sampleCount" : 1588,
    "errorCount" : 968,
    "errorPct" : 60.95718,
    "meanResTime" : 322.3362720403024,
    "medianResTime" : 226.0,
    "minResTime" : 123.0,
    "maxResTime" : 3924.0,
    "pct1ResTime" : 508.3000000000004,
    "pct2ResTime" : 816.2999999999997,
    "pct3ResTime" : 1797.7699999999993,
    "throughput" : 9.281122150789013,
    "receivedKBytesPerSec" : 7.086921482320281,
    "sentKBytesPerSec" : 3.835299395455874
  },
  "register user" : {
    "transaction" : "register user",
    "sampleCount" : 201,
    "errorCount" : 161,
    "errorPct" : 80.0995,
    "meanResTime" : 318.08955223880605,
    "medianResTime" : 229.0,
    "minResTime" : 187.0,
    "maxResTime" : 1211.0,
    "pct1ResTime" : 592.8,
    "pct2ResTime" : 652.0999999999998,
    "pct3ResTime" : 1156.7199999999984,
    "throughput" : 1.1747516072472237,
    "receivedKBytesPerSec" : 0.43440193965517243,
    "sentKBytesPerSec" : 0.598328599868498
  },
  "update user profile" : {
    "transaction" : "update user profile",
    "sampleCount" : 198,
    "errorCount" : 170,
    "errorPct" : 85.85859,
    "meanResTime" : 568.6212121212121,
    "medianResTime" : 221.5,
    "minResTime" : 180.0,
    "maxResTime" : 3924.0,
    "pct1ResTime" : 1699.5,
    "pct2ResTime" : 2003.0999999999997,
    "pct3ResTime" : 3749.7599999999984,
    "throughput" : 1.1822730692525407,
    "receivedKBytesPerSec" : 0.5021418436593144,
    "sentKBytesPerSec" : 0.5310992303282898
  },
  "add user to group" : {
    "transaction" : "add user to group",
    "sampleCount" : 198,
    "errorCount" : 159,
    "errorPct" : 80.30303,
    "meanResTime" : 289.8282828282829,
    "medianResTime" : 235.5,
    "minResTime" : 192.0,
    "maxResTime" : 1251.0,
    "pct1ResTime" : 329.9,
    "pct2ResTime" : 829.2999999999979,
    "pct3ResTime" : 1086.6599999999985,
    "throughput" : 1.194894541504481,
    "receivedKBytesPerSec" : 0.4032604062943182,
    "sentKBytesPerSec" : 0.5641261013548172
  }
}