{
  "check user status" : {
    "transaction" : "check user status",
    "sampleCount" : 351,
    "errorCount" : 254,
    "errorPct" : 72.36467,
    "meanResTime" : 261.20227920227927,
    "medianResTime" : 218.0,
    "minResTime" : 181.0,
    "maxResTime" : 1236.0,
    "pct1ResTime" : 354.0000000000001,
    "pct2ResTime" : 484.9999999999999,
    "pct3ResTime" : 902.6800000000044,
    "throughput" : 0.3455203921016598,
    "receivedKBytesPerSec" : 0.11601077111833433,
    "sentKBytesPerSec" : 0.12575275733394103
  },
  "get group " : {
    "transaction" : "get group ",
    "sampleCount" : 351,
    "errorCount" : 1,
    "errorPct" : 0.28490028,
    "meanResTime" : 487.4529914529912,
    "medianResTime" : 481.0,
    "minResTime" : 292.0,
    "maxResTime" : 1616.0,
    "pct1ResTime" : 615.0,
    "pct2ResTime" : 648.1999999999999,
    "pct3ResTime" : 747.5600000000009,
    "throughput" : 0.3454469404325468,
    "receivedKBytesPerSec" : 0.19927036174741036,
    "sentKBytesPerSec" : 0.13388298723027334
  },
  "get user availabilty" : {
    "transaction" : "get user availabilty",
    "sampleCount" : 350,
    "errorCount" : 250,
    "errorPct" : 71.42857,
    "meanResTime" : 278.87428571428563,
    "medianResTime" : 220.5,
    "minResTime" : 178.0,
    "maxResTime" : 1190.0,
    "pct1ResTime" : 357.7000000000001,
    "pct2ResTime" : 566.4999999999999,
    "pct3ResTime" : 1129.8000000000002,
    "throughput" : 0.34522927662630115,
    "receivedKBytesPerSec" : 0.11699361677232327,
    "sentKBytesPerSec" : 0.12069539163302326
  },
  "openID configuration" : {
    "transaction" : "openID configuration",
    "sampleCount" : 350,
    "errorCount" : 0,
    "errorPct" : 0.0,
    "meanResTime" : 142.90571428571423,
    "medianResTime" : 137.0,
    "minResTime" : 117.0,
    "maxResTime" : 366.0,
    "pct1ResTime" : 159.90000000000003,
    "pct2ResTime" : 174.5999999999999,
    "pct3ResTime" : 256.96000000000004,
    "throughput" : 0.3453130657584604,
    "receivedKBytesPerSec" : 1.1438504938100167,
    "sentKBytesPerSec" : 0.13589957568423786
  },
  "enable user" : {
    "transaction" : "enable user",
    "sampleCount" : 351,
    "errorCount" : 254,
    "errorPct" : 72.36467,
    "meanResTime" : 408.92877492877517,
    "medianResTime" : 219.0,
    "minResTime" : 179.0,
    "maxResTime" : 10540.0,
    "pct1ResTime" : 805.2,
    "pct2ResTime" : 935.9999999999998,
    "pct3ResTime" : 1449.4,
    "throughput" : 0.34536366498740556,
    "receivedKBytesPerSec" : 0.1498772455402826,
    "sentKBytesPerSec" : 0.13210383110142473
  },
  "Total" : {
    "transaction" : "Total",
    "sampleCount" : 2804,
    "errorCount" : 1529,
    "errorPct" : 54.529243,
    "meanResTime" : 362.9229671897294,
    "medianResTime" : 224.0,
    "minResTime" : 117.0,
    "maxResTime" : 10540.0,
    "pct1ResTime" : 640.5,
    "pct2ResTime" : 1028.75,
    "pct3ResTime" : 1882.5499999999984,
    "throughput" : 2.7531601447667375,
    "receivedKBytesPerSec" : 2.103599271784723,
    "sentKBytesPerSec" : 1.1422164252414906
  },
  "register user" : {
    "transaction" : "register user",
    "sampleCount" : 351,
    "errorCount" : 253,
    "errorPct" : 72.07977,
    "meanResTime" : 340.76923076923083,
    "medianResTime" : 224.0,
    "minResTime" : 189.0,
    "maxResTime" : 1320.0,
    "pct1ResTime" : 633.6000000000001,
    "pct2ResTime" : 765.5999999999998,
    "pct3ResTime" : 1158.9200000000023,
    "throughput" : 0.3449895913396801,
    "receivedKBytesPerSec" : 0.11790004694463065,
    "sentKBytesPerSec" : 0.1791474478510392
  },
  "update user profile" : {
    "transaction" : "update user profile",
    "sampleCount" : 350,
    "errorCount" : 265,
    "errorPct" : 75.71429,
    "meanResTime" : 686.2228571428568,
    "medianResTime" : 220.0,
    "minResTime" : 183.0,
    "maxResTime" : 3334.0,
    "pct1ResTime" : 1746.6000000000001,
    "pct2ResTime" : 2079.35,
    "pct3ResTime" : 2740.9500000000016,
    "throughput" : 0.34533827857748256,
    "receivedKBytesPerSec" : 0.15255684607236908,
    "sentKBytesPerSec" : 0.1551324298297285
  },
  "add user to group" : {
    "transaction" : "add user to group",
    "sampleCount" : 350,
    "errorCount" : 252,
    "errorPct" : 72.0,
    "meanResTime" : 296.89428571428573,
    "medianResTime" : 234.0,
    "minResTime" : 191.0,
    "maxResTime" : 1981.0,
    "pct1ResTime" : 396.9000000000004,
    "pct2ResTime" : 851.2999999999998,
    "pct3ResTime" : 1428.6900000000007,
    "throughput" : 0.34527286914848804,
    "receivedKBytesPerSec" : 0.11565677743513555,
    "sentKBytesPerSec" : 0.16342658906905555
  }
}