{
  "check user status" : {
    "transaction" : "check user status",
    "sampleCount" : 50,
    "errorCount" : 6,
    "errorPct" : 12.0,
    "meanResTime" : 330.5999999999999,
    "medianResTime" : 307.0,
    "minResTime" : 207.0,
    "maxResTime" : 1262.0,
    "pct1ResTime" : 405.2,
    "pct2ResTime" : 472.39999999999975,
    "pct3ResTime" : 1262.0,
    "throughput" : 0.21219979034660713,
    "receivedKBytesPerSec" : 0.06644920387943656,
    "sentKBytesPerSec" : 0.08098406061274811
  },
  "get group " : {
    "transaction" : "get group ",
    "sampleCount" : 50,
    "errorCount" : 0,
    "errorPct" : 0.0,
    "meanResTime" : 1011.0,
    "medianResTime" : 1015.5,
    "minResTime" : 834.0,
    "maxResTime" : 1269.0,
    "pct1ResTime" : 1087.6,
    "pct2ResTime" : 1161.8999999999994,
    "pct3ResTime" : 1269.0,
    "throughput" : 0.21150055413145183,
    "receivedKBytesPerSec" : 0.1206255406482915,
    "sentKBytesPerSec" : 0.08220431693781037
  },
  "get user availabilty" : {
    "transaction" : "get user availabilty",
    "sampleCount" : 50,
    "errorCount" : 5,
    "errorPct" : 10.0,
    "meanResTime" : 353.41999999999996,
    "medianResTime" : 302.5,
    "minResTime" : 215.0,
    "maxResTime" : 1248.0,
    "pct1ResTime" : 426.59999999999997,
    "pct2ResTime" : 848.0499999999984,
    "pct3ResTime" : 1248.0,
    "throughput" : 0.21219708865594364,
    "receivedKBytesPerSec" : 0.06639862416712643,
    "sentKBytesPerSec" : 0.07418609154182405
  },
  "openID configuration" : {
    "transaction" : "openID configuration",
    "sampleCount" : 50,
    "errorCount" : 0,
    "errorPct" : 0.0,
    "meanResTime" : 139.65999999999997,
    "medianResTime" : 135.0,
    "minResTime" : 126.0,
    "maxResTime" : 238.0,
    "pct1ResTime" : 148.9,
    "pct2ResTime" : 183.29999999999984,
    "pct3ResTime" : 238.0,
    "throughput" : 0.2123259458059256,
    "receivedKBytesPerSec" : 0.7033296954821285,
    "sentKBytesPerSec" : 0.08356187124979299
  },
  "enable user" : {
    "transaction" : "enable user",
    "sampleCount" : 50,
    "errorCount" : 6,
    "errorPct" : 12.0,
    "meanResTime" : 666.8200000000002,
    "medianResTime" : 696.0,
    "minResTime" : 213.0,
    "maxResTime" : 1155.0,
    "pct1ResTime" : 850.7,
    "pct2ResTime" : 946.45,
    "pct3ResTime" : 1155.0,
    "throughput" : 0.21178633300435856,
    "receivedKBytesPerSec" : 0.1446517200227035,
    "sentKBytesPerSec" : 0.08475589771990834
  },
  "Total" : {
    "transaction" : "Total",
    "sampleCount" : 400,
    "errorCount" : 34,
    "errorPct" : 8.5,
    "meanResTime" : 602.1075000000008,
    "medianResTime" : 381.5,
    "minResTime" : 126.0,
    "maxResTime" : 2338.0,
    "pct1ResTime" : 1424.6000000000001,
    "pct2ResTime" : 1586.8499999999997,
    "pct3ResTime" : 1912.94,
    "throughput" : 1.6601781371141124,
    "receivedKBytesPerSec" : 1.3338372125297795,
    "sentKBytesPerSec" : 0.7146953391536413
  },
  "register user" : {
    "transaction" : "register user",
    "sampleCount" : 50,
    "errorCount" : 6,
    "errorPct" : 12.0,
    "meanResTime" : 554.8000000000002,
    "medianResTime" : 531.5,
    "minResTime" : 205.0,
    "maxResTime" : 1049.0,
    "pct1ResTime" : 778.7,
    "pct2ResTime" : 916.6999999999998,
    "pct3ResTime" : 1049.0,
    "throughput" : 0.21173700569996018,
    "receivedKBytesPerSec" : 0.06780960317309077,
    "sentKBytesPerSec" : 0.12493310433976167
  },
  "update user profile" : {
    "transaction" : "update user profile",
    "sampleCount" : 50,
    "errorCount" : 5,
    "errorPct" : 10.0,
    "meanResTime" : 1473.7000000000003,
    "medianResTime" : 1525.0,
    "minResTime" : 231.0,
    "maxResTime" : 2338.0,
    "pct1ResTime" : 1896.8,
    "pct2ResTime" : 2070.849999999999,
    "pct3ResTime" : 2338.0,
    "throughput" : 0.2107605928273955,
    "receivedKBytesPerSec" : 0.1269503258358765,
    "sentKBytesPerSec" : 0.09467761005918157
  },
  "add user to group" : {
    "transaction" : "add user to group",
    "sampleCount" : 50,
    "errorCount" : 6,
    "errorPct" : 12.0,
    "meanResTime" : 286.86,
    "medianResTime" : 248.5,
    "minResTime" : 211.0,
    "maxResTime" : 1296.0,
    "pct1ResTime" : 346.79999999999995,
    "pct2ResTime" : 459.09999999999934,
    "pct3ResTime" : 1296.0,
    "throughput" : 0.21219348650873815,
    "receivedKBytesPerSec" : 0.06640578582674826,
    "sentKBytesPerSec" : 0.10419031739901713
  }
}